graph_id	CURIE	pval
37303	DrugCentral:732	0.980335
39236	DRUGBANK:DB14724	0.979980
40011	DRUGBANK:DB01367	0.973461
39285	CHEBI:40279	0.973230
37441	DrugCentral:945	0.972850
38824	DrugCentral:4642	0.971171
39228	PHARMGKB:PA164712331	0.967701
39341	DRUGBANK:DB00072	0.967164
60093	ttd.drug:D00HVA	0.966564
51626	ttd.drug:D02BHW	0.964383
66535	ttd.drug:D0I6ZS	0.964161
56000	ttd.drug:D08OXU	0.964005
65786	ttd.drug:D0F4FK	0.963830
37662	DrugCentral:1356	0.963781
41522	ttd.drug:D06CIJ	0.963523
55226	ttd.drug:D0J0OY	0.962260
63857	ttd.drug:D0O5XF	0.962181
38011	DrugCentral:1999	0.961859
41431	ttd.drug:D0M9YZ	0.961487
63072	ttd.drug:D0Z7FU	0.961431
60054	ttd.drug:D0AM2B	0.960966
44903	ttd.drug:D0DF1R	0.960712
45115	ttd.drug:D0D9ON	0.959232
58886	ttd.drug:D0PW7B	0.958818
64624	ttd.drug:D02EFX	0.958729
68827	ttd.drug:D02DUM	0.958620
57107	ttd.drug:D0PJ8O	0.958154
66537	ttd.drug:D0M9VY	0.958026
66096	ttd.drug:D0ZL3Z	0.957623
37360	DrugCentral:814	0.957519
53557	ttd.drug:D0AJ0O	0.956932
48291	ttd.drug:D0M1AC	0.956611
48983	ttd.drug:D01EGN	0.956315
60762	ttd.drug:D08UWK	0.956099
62099	ttd.drug:D0C4LJ	0.956065
50164	ttd.drug:D0Q9FU	0.956044
61865	ttd.drug:D09DNJ	0.955956
54700	ttd.drug:D08SKH	0.955714
53591	ttd.drug:D0A2GI	0.955552
46918	ttd.drug:D0T7YM	0.955490
67781	ttd.drug:D0A8PV	0.955324
59860	ttd.drug:D00LYI	0.954611
49564	ttd.drug:D0GQ1S	0.954437
69560	ttd.drug:D0T2CG	0.954417
60216	ttd.drug:D0H8WY	0.953855
54404	ttd.drug:D0D7GL	0.953746
49640	ttd.drug:D02ENH	0.953746
69201	ttd.drug:D08ZWA	0.953393
54858	ttd.drug:D09DAC	0.953374
57383	ttd.drug:D0A1DH	0.953181
64890	ttd.drug:D0K0HU	0.953150
45833	ttd.drug:D05LEO	0.953062
50477	ttd.drug:D01AGR	0.953051
59660	ttd.drug:D0M2RC	0.952951
45835	ttd.drug:D0Y4GO	0.952643
64616	ttd.drug:D00PVH	0.952378
39844	DRUGBANK:DB00470	0.951743
66510	ttd.drug:D01CCT	0.951434
47137	ttd.drug:D09FWP	0.951313
54411	ttd.drug:D05ZXS	0.951225
68509	ttd.drug:D09XFQ	0.951188
51764	ttd.drug:D02DTR	0.951038
45979	ttd.drug:D0F5JH	0.950937
49732	ttd.drug:D05LLP	0.950792
53220	ttd.drug:D02QBT	0.950729
56396	ttd.drug:D0D8DV	0.950610
37845	DrugCentral:1714	0.950576
55050	ttd.drug:D0ZY8H	0.950531
42041	ttd.drug:D01UYI	0.950485
52405	ttd.drug:D04HQP	0.950418
64401	ttd.drug:D02BQE	0.950362
66097	ttd.drug:D09JYL	0.950313
50650	ttd.drug:D03CKG	0.950303
51404	ttd.drug:D0E0MH	0.950274
63142	ttd.drug:D0CI3E	0.950213
59546	ttd.drug:D0W5UJ	0.950011
56049	ttd.drug:D09PJX	0.949809
65450	ttd.drug:D05DXZ	0.949731
55212	ttd.drug:D00RNB	0.949487
63295	ttd.drug:D01DPN	0.949478
63252	ttd.drug:D0JH2D	0.949173
50106	ttd.drug:D0J4AZ	0.949139
56892	ttd.drug:D03OYD	0.948964
41776	ttd.drug:D03TQB	0.948946
55354	ttd.drug:D06KOL	0.948815
48943	ttd.drug:D02PAW	0.948796
41961	ttd.drug:D0H3JH	0.948717
63538	ttd.drug:D03TCR	0.948694
43120	ttd.drug:D0S7WQ	0.948571
56035	ttd.drug:D03HLK	0.948397
52843	ttd.drug:D0HB5V	0.948332
60052	ttd.drug:D04JUD	0.948331
43252	ttd.drug:D03XRZ	0.948286
52540	ttd.drug:D0CT4D	0.948177
62730	ttd.drug:D02SGT	0.948127
60717	ttd.drug:D02LCH	0.948019
44480	ttd.drug:D09OPA	0.947624
41128	ttd.drug:D0E3CO	0.947483
58861	ttd.drug:D0A9QL	0.946919
53261	ttd.drug:D0SL9H	0.946897
42614	ttd.drug:D05QBZ	0.946840
66845	ttd.drug:D0E4AB	0.946773
48557	ttd.drug:D05EQG	0.946692
56659	ttd.drug:D0F3UR	0.946670
67907	ttd.drug:D0X6BT	0.946561
63162	ttd.drug:D0VI3F	0.946550
53259	ttd.drug:D0T7HK	0.946517
46194	ttd.drug:D0D0JE	0.946309
64514	ttd.drug:D0N0PU	0.946107
64287	ttd.drug:D09BWD	0.946051
44980	ttd.drug:D05IPF	0.946032
59580	ttd.drug:D03JXX	0.945875
49837	ttd.drug:D02LQG	0.945868
41746	ttd.drug:D0X0PO	0.945822
53877	ttd.drug:D0FF6H	0.945804
61818	ttd.drug:D0G8HM	0.945732
44202	ttd.drug:D0X7LC	0.945696
56782	ttd.drug:D09JQU	0.945619
56079	ttd.drug:D0TM1Z	0.945594
40785	ttd.drug:D04HSH	0.945589
64609	ttd.drug:D0S9HE	0.945581
57898	ttd.drug:D0T2QN	0.945423
38491	DrugCentral:3067	0.945423
62270	ttd.drug:D02REJ	0.945411
44409	ttd.drug:D0N5NC	0.945405
68417	ttd.drug:D0I2IS	0.945393
38555	DrugCentral:3487	0.945389
49553	ttd.drug:D0CH7C	0.945358
45966	ttd.drug:D05GQL	0.945296
37244	DrugCentral:610	0.945288
45034	ttd.drug:D0BJ2X	0.945264
45069	ttd.drug:D0Q6ED	0.945255
68518	ttd.drug:D01RIP	0.945249
61253	ttd.drug:D0G8CU	0.945238
54197	ttd.drug:D09JLP	0.945173
62810	ttd.drug:D01MXN	0.945171
39440	PHARMGKB:PA166182756	0.945166
58825	ttd.drug:D0S2BB	0.945136
42797	ttd.drug:D0BZ5H	0.945127
62677	ttd.drug:D0D0QT	0.945117
44309	ttd.drug:D0R7FS	0.945104
62122	ttd.drug:D02DOK	0.945102
47781	ttd.drug:D05VLU	0.945099
65397	ttd.drug:D01NWV	0.945090
64152	ttd.drug:D0I7PU	0.945087
42333	ttd.drug:D0K8BT	0.945066
69158	ttd.drug:D0Z6VR	0.945060
68094	ttd.drug:D04OUT	0.945059
63770	ttd.drug:D0PL4F	0.945040
66585	ttd.drug:D0K0GJ	0.945039
68249	ttd.drug:D0D2MS	0.945033
42337	ttd.drug:D0VI6N	0.945033
52775	ttd.drug:D0I4DQ	0.945031
46062	ttd.drug:D0Z4MH	0.945030
54816	ttd.drug:D0K2MC	0.945010
67989	ttd.drug:D00WOK	0.945005
56171	ttd.drug:D0X0CB	0.944999
68267	ttd.drug:D0K1CU	0.944996
42390	ttd.drug:D0P5YS	0.944987
56721	ttd.drug:D08KYM	0.944972
37347	DrugCentral:792	0.944968
43019	ttd.drug:D02NWS	0.944964
39645	DRUGBANK:DB00723	0.944954
40016	DRUGBANK:DB01186	0.944952
36982	DrugCentral:99	0.944947
54714	ttd.drug:D0M7HQ	0.944940
47805	ttd.drug:D0J1WO	0.944936
69434	ttd.drug:D02DXP	0.944934
38722	DrugCentral:4260	0.944926
43167	ttd.drug:D0D1HS	0.944920
38323	DrugCentral:2616	0.944916
69389	ttd.drug:D01ZCI	0.944915
56961	ttd.drug:D00THJ	0.944911
43001	ttd.drug:D0UC6H	0.944901
54063	ttd.drug:D08CDE	0.944898
39357	PHARMGKB:PA165110775	0.944894
45409	ttd.drug:D02POA	0.944883
48183	ttd.drug:D0Q3LM	0.944882
37945	DrugCentral:1881	0.944877
53358	ttd.drug:D0P0HB	0.944870
39338	CHEBI:93752	0.944867
65293	ttd.drug:D04VOE	0.944866
57123	ttd.drug:D0G6IQ	0.944857
58736	ttd.drug:D0Z0VL	0.944854
65709	ttd.drug:D02VJX	0.944853
60081	ttd.drug:D0L2MS	0.944852
59605	ttd.drug:D00GYE	0.944838
58891	ttd.drug:D0CF3M	0.944832
55136	ttd.drug:D00LWX	0.944830
50921	ttd.drug:D0O7JV	0.944823
64455	ttd.drug:D00THF	0.944822
57500	ttd.drug:D01IPU	0.944821
49025	ttd.drug:D0MH1K	0.944812
40967	ttd.drug:D0H8AW	0.944796
56931	ttd.drug:D05FRX	0.944793
58025	ttd.drug:D0I7EU	0.944786
46701	ttd.drug:D0ID5M	0.944784
60727	ttd.drug:D06VON	0.944780
43581	ttd.drug:D0F2DC	0.944779
53963	ttd.drug:D0P3XW	0.944774
42008	ttd.drug:D0G4CJ	0.944767
59009	ttd.drug:D0L7XM	0.944765
38227	DrugCentral:2423	0.944763
62018	ttd.drug:D0Y5AT	0.944754
68301	ttd.drug:D0WO4V	0.944753
64623	ttd.drug:D0N1ST	0.944752
42597	ttd.drug:D0G0KN	0.944750
55812	ttd.drug:D0G9BO	0.944747
41004	ttd.drug:D0H7GH	0.944743
63848	ttd.drug:D03TBA	0.944742
59173	ttd.drug:D00VXM	0.944739
60750	ttd.drug:D0K9XV	0.944737
58621	ttd.drug:D0X1TN	0.944730
43269	ttd.drug:D0HN7I	0.944725
48387	ttd.drug:D03JFL	0.944724
56227	ttd.drug:D08SWN	0.944723
63936	ttd.drug:D01VVM	0.944719
61663	ttd.drug:D00KQN	0.944718
61382	ttd.drug:D02JFD	0.944711
44641	ttd.drug:D0L9BT	0.944710
38159	DrugCentral:2308	0.944705
54821	ttd.drug:D0RB5Z	0.944705
51668	ttd.drug:D0OD8T	0.944701
61175	ttd.drug:D00BEJ	0.944693
56764	ttd.drug:D07ZUX	0.944692
49163	ttd.drug:D06MJP	0.944692
65015	ttd.drug:D0RM4V	0.944684
69051	ttd.drug:D0E9LJ	0.944681
62527	ttd.drug:D0R9AD	0.944679
42907	ttd.drug:D0L7LC	0.944679
56567	ttd.drug:D03KZM	0.944676
40711	ttd.drug:D0D5EW	0.944673
37058	DrugCentral:242	0.944670
44799	ttd.drug:D03BWQ	0.944657
43585	ttd.drug:D06SVW	0.944654
45969	ttd.drug:D0QH0R	0.944644
43193	ttd.drug:D0Z2UQ	0.944644
68433	ttd.drug:D01CTM	0.944634
57170	ttd.drug:D0GZ4G	0.944632
46977	ttd.drug:D07WXT	0.944628
37736	DrugCentral:1517	0.944627
57034	ttd.drug:D06MAL	0.944624
60266	ttd.drug:D02UUR	0.944618
47975	ttd.drug:D09VRX	0.944618
66093	ttd.drug:D0CB6N	0.944617
60118	ttd.drug:D00WHH	0.944617
46955	ttd.drug:D0J9YX	0.944616
41064	ttd.drug:D0T0CY	0.944614
60531	ttd.drug:D0BV4M	0.944614
42927	ttd.drug:D0N1RX	0.944613
64195	ttd.drug:D07OFM	0.944613
58453	ttd.drug:D04ZLJ	0.944599
48511	ttd.drug:D0M1UF	0.944596
55517	ttd.drug:D03JSJ	0.944596
53199	ttd.drug:D0Y7HG	0.944591
65938	ttd.drug:D0IJ0F	0.944590
37365	DrugCentral:820	0.944590
43144	ttd.drug:D0L6YF	0.944585
69448	ttd.drug:D0H2TZ	0.944583
55646	ttd.drug:D0D4LF	0.944576
68891	ttd.drug:D0KK6A	0.944576
55958	ttd.drug:D01JFT	0.944569
68068	ttd.drug:D0YQ8V	0.944569
61481	ttd.drug:D09TPW	0.944567
60213	ttd.drug:D0X5ZH	0.944566
66138	ttd.drug:D0S7LN	0.944566
63550	ttd.drug:D0GN5K	0.944560
48441	ttd.drug:D05GOM	0.944557
45703	ttd.drug:D0O9RV	0.944552
41148	ttd.drug:D0E4JU	0.944549
50558	ttd.drug:D08FWK	0.944549
42187	ttd.drug:D0GT6I	0.944547
53357	ttd.drug:D0U0VH	0.944546
53186	ttd.drug:D0O6NS	0.944544
45289	ttd.drug:D09ZJQ	0.944541
56827	ttd.drug:D01AUS	0.944541
56508	ttd.drug:D06GKN	0.944539
59551	ttd.drug:D0O9II	0.944530
68033	ttd.drug:D0V6GX	0.944529
37289	DrugCentral:701	0.944529
57227	ttd.drug:D0WJ8R	0.944529
60803	ttd.drug:D07JHG	0.944527
45507	ttd.drug:D04TSL	0.944527
67004	ttd.drug:D0G7KY	0.944522
41042	ttd.drug:D09SCI	0.944507
54873	ttd.drug:D05COQ	0.944507
57487	ttd.drug:D01PYM	0.944505
50119	ttd.drug:D03IAB	0.944502
42323	ttd.drug:D0E0LL	0.944499
43906	ttd.drug:D0K6TE	0.944499
55698	ttd.drug:D04BWH	0.944498
57824	ttd.drug:D0E2CZ	0.944497
53326	ttd.drug:D04TPO	0.944496
50469	ttd.drug:D0OP5F	0.944494
37419	DrugCentral:908	0.944494
57224	ttd.drug:D0V9RM	0.944491
41167	ttd.drug:D0DQ6Z	0.944491
68102	ttd.drug:D00ERI	0.944491
59833	ttd.drug:D0XJ0B	0.944488
54377	ttd.drug:D0X9DP	0.944488
63334	ttd.drug:D0P2DV	0.944482
59612	ttd.drug:D03WOZ	0.944477
56941	ttd.drug:D0ZX0Y	0.944476
58903	ttd.drug:D09JXY	0.944476
69297	ttd.drug:D0R5NA	0.944474
45620	ttd.drug:D0T5TU	0.944471
51735	ttd.drug:D00OTT	0.944466
62702	ttd.drug:D01JWT	0.944465
62322	ttd.drug:D02SWF	0.944465
49357	ttd.drug:D05HWC	0.944462
40938	ttd.drug:D0V1UL	0.944461
60472	ttd.drug:D03ANS	0.944455
67637	ttd.drug:D0N6HL	0.944453
50984	ttd.drug:D0K4AC	0.944453
37836	DrugCentral:1700	0.944452
41760	ttd.drug:D0J6PY	0.944451
45488	ttd.drug:D01JQX	0.944442
47739	ttd.drug:D0VP6M	0.944440
55893	ttd.drug:D0H5JW	0.944438
56450	ttd.drug:D0EY5A	0.944438
37938	DrugCentral:1873	0.944438
50411	ttd.drug:D02NSS	0.944438
45011	ttd.drug:D0XB0Q	0.944431
61444	ttd.drug:D0V1SW	0.944430
65317	ttd.drug:D0JW9E	0.944427
37755	DrugCentral:1549	0.944425
64099	ttd.drug:D0E3LA	0.944420
56363	ttd.drug:D0PG5O	0.944420
69449	ttd.drug:D0Z8GS	0.944415
41779	ttd.drug:D06KQG	0.944415
47925	ttd.drug:D03JHJ	0.944412
60387	ttd.drug:D03XGJ	0.944408
39865	DRUGBANK:DB01169	0.944407
46687	ttd.drug:D04BOG	0.944395
61844	ttd.drug:D0Z3AB	0.944386
67560	ttd.drug:D0R7YI	0.944384
68051	ttd.drug:D01IHU	0.944383
49646	ttd.drug:D0N3DD	0.944382
62879	ttd.drug:D0X6DO	0.944380
38663	DrugCentral:4142	0.944380
66226	ttd.drug:D0MK7H	0.944379
59573	ttd.drug:D08CMQ	0.944378
38942	DrugCentral:4930	0.944375
41028	ttd.drug:D0L8RG	0.944373
59946	ttd.drug:D09ZAX	0.944370
46169	ttd.drug:D06FTI	0.944368
42579	ttd.drug:D0YE1X	0.944367
53767	ttd.drug:D07DNV	0.944365
56184	ttd.drug:D0G1VX	0.944365
69033	ttd.drug:D0V2QL	0.944364
42785	ttd.drug:D0L6RF	0.944364
61225	ttd.drug:D07GDN	0.944363
68093	ttd.drug:D02XQB	0.944363
57766	ttd.drug:D0W8HN	0.944362
49892	ttd.drug:D0M2LD	0.944361
64304	ttd.drug:D07JDU	0.944358
44746	ttd.drug:D03AAC	0.944358
41220	ttd.drug:D07PSL	0.944358
63923	ttd.drug:D0NF1D	0.944354
50107	ttd.drug:D06RIO	0.944349
41289	ttd.drug:D0M8VS	0.944349
66813	ttd.drug:D06ZAE	0.944348
46714	ttd.drug:D0D7ZA	0.944347
63420	ttd.drug:D0V4TK	0.944344
59126	ttd.drug:D0DO1U	0.944342
57108	ttd.drug:D08ICT	0.944340
38171	DrugCentral:2336	0.944339
47147	ttd.drug:D0Z3NC	0.944337
63271	ttd.drug:D0GA4M	0.944332
58478	ttd.drug:D03YCW	0.944332
67894	ttd.drug:D01YCW	0.944330
52977	ttd.drug:D03RJI	0.944330
54645	ttd.drug:D03LRY	0.944328
55486	ttd.drug:D02DGP	0.944325
41214	ttd.drug:D0QP8X	0.944324
51998	ttd.drug:D02HWP	0.944324
40671	CHEBI:8887	0.944322
50985	ttd.drug:D0J7XM	0.944320
44498	ttd.drug:D07PHV	0.944319
54741	ttd.drug:D0SU1F	0.944318
68128	ttd.drug:D0W1SP	0.944317
44562	ttd.drug:D0U7RR	0.944317
42953	ttd.drug:D0CH4M	0.944311
65989	ttd.drug:D0JZ8X	0.944311
60902	ttd.drug:D09PLJ	0.944309
48072	ttd.drug:D02HOL	0.944306
68259	ttd.drug:D0W1FM	0.944304
55838	ttd.drug:D0P8WC	0.944302
45300	ttd.drug:D0JC8M	0.944301
63261	ttd.drug:D0UO6Q	0.944299
66458	ttd.drug:D0VC9V	0.944299
49418	ttd.drug:D0V1PE	0.944298
59341	ttd.drug:D0O6ZD	0.944297
50184	ttd.drug:D03XYG	0.944296
58115	ttd.drug:D04XDS	0.944289
61669	ttd.drug:D03EIC	0.944289
59403	ttd.drug:D0Q3KS	0.944285
54899	ttd.drug:D0Z8EX	0.944285
62297	ttd.drug:D0H7OC	0.944282
60737	ttd.drug:D0Z4AC	0.944282
63487	ttd.drug:D0Q0ZY	0.944281
37371	DrugCentral:829	0.944279
49517	ttd.drug:D05BII	0.944275
60448	ttd.drug:D02USG	0.944274
61002	ttd.drug:D0AA2X	0.944274
41048	ttd.drug:D00BSX	0.944273
40828	ttd.drug:D0G4HR	0.944272
38251	DrugCentral:2466	0.944271
66625	ttd.drug:D00ORM	0.944270
37473	DrugCentral:990	0.944267
52008	ttd.drug:D07YHM	0.944266
68930	ttd.drug:D09ENF	0.944265
63104	ttd.drug:D08SBS	0.944264
63480	ttd.drug:D04LEF	0.944263
61361	ttd.drug:D06PXY	0.944263
46506	ttd.drug:D0KS3J	0.944262
46114	ttd.drug:D02XYV	0.944262
53083	ttd.drug:D02HDI	0.944260
54318	ttd.drug:D0D7ES	0.944260
55187	ttd.drug:D0L5DV	0.944255
58879	ttd.drug:D0BB2V	0.944254
63139	ttd.drug:D0MI7K	0.944250
55531	ttd.drug:D08TVA	0.944247
50619	ttd.drug:D09DBY	0.944242
62795	ttd.drug:D0JH9J	0.944241
49017	ttd.drug:D04UJZ	0.944238
53523	ttd.drug:D0VH4T	0.944238
65931	ttd.drug:D0S0KP	0.944236
62562	ttd.drug:D09FGQ	0.944234
41105	ttd.drug:D0NS1S	0.944233
67539	ttd.drug:D0N4TZ	0.944233
44457	ttd.drug:D0S8CE	0.944232
60651	ttd.drug:D04ZEP	0.944230
57999	ttd.drug:D01QQM	0.944228
52813	ttd.drug:D07WQV	0.944226
56994	ttd.drug:D0K0TL	0.944225
48191	ttd.drug:D0BZ3S	0.944225
41518	ttd.drug:D09VZR	0.944221
53887	ttd.drug:D0T5WX	0.944220
64807	ttd.drug:D0P9EL	0.944220
37715	DrugCentral:1475	0.944220
66797	ttd.drug:D09IKN	0.944220
55084	ttd.drug:D08ZZJ	0.944214
65153	ttd.drug:D0LC2O	0.944214
50481	ttd.drug:D01SAX	0.944213
65893	ttd.drug:D0DG6B	0.944213
63468	ttd.drug:D0A3DE	0.944212
60805	ttd.drug:D01FJB	0.944212
60053	ttd.drug:D0S1OV	0.944211
57671	ttd.drug:D09ZUW	0.944210
53510	ttd.drug:D0OM2S	0.944210
52639	ttd.drug:D0N9DS	0.944208
38566	DrugCentral:3521	0.944205
43323	ttd.drug:D06BVH	0.944203
67258	ttd.drug:D06SWT	0.944198
57525	ttd.drug:D06UVF	0.944198
66657	ttd.drug:D0RH6G	0.944198
55434	ttd.drug:D01VUE	0.944197
59462	ttd.drug:D03BKV	0.944194
43339	ttd.drug:D02AOT	0.944191
67409	ttd.drug:D0P3SL	0.944190
37381	DrugCentral:842	0.944187
57381	ttd.drug:D0OB1J	0.944186
53519	ttd.drug:D08FDX	0.944184
43348	ttd.drug:D07OIZ	0.944182
64533	ttd.drug:D00HYO	0.944181
45155	ttd.drug:D0O0ZU	0.944181
37623	DrugCentral:1276	0.944181
48547	ttd.drug:D0L5MW	0.944174
63548	ttd.drug:D0DN8Z	0.944174
60611	ttd.drug:D0Q2MI	0.944173
46146	ttd.drug:D0F5BL	0.944173
66626	ttd.drug:D0WF7I	0.944172
39451	CHEBI:10127	0.944172
49342	ttd.drug:D02BPV	0.944172
37069	DrugCentral:266	0.944171
51151	ttd.drug:D0W2DN	0.944170
62153	ttd.drug:D0Y4UG	0.944168
61684	ttd.drug:D0S0DT	0.944168
49987	ttd.drug:D07LJH	0.944168
61092	ttd.drug:D00QHT	0.944168
50851	ttd.drug:D08QSN	0.944168
68386	ttd.drug:D0VV5X	0.944167
66975	ttd.drug:D0HQ8X	0.944166
42872	ttd.drug:D0W7HO	0.944166
57317	ttd.drug:D03KQG	0.944165
51040	ttd.drug:D01JSA	0.944164
44906	ttd.drug:D05QMJ	0.944162
50942	ttd.drug:D02TPK	0.944161
47889	ttd.drug:D02KKU	0.944160
49379	ttd.drug:D01PWK	0.944157
68539	ttd.drug:D00ZMK	0.944156
65869	ttd.drug:D09JXH	0.944153
67058	ttd.drug:D0I4JB	0.944153
46251	ttd.drug:D0F0PK	0.944152
47475	ttd.drug:D05IXU	0.944150
45039	ttd.drug:D0JP6A	0.944149
65883	ttd.drug:D00BET	0.944146
64883	ttd.drug:D07JRV	0.944143
43721	ttd.drug:D09ZQN	0.944143
65552	ttd.drug:D0H4LP	0.944139
69400	ttd.drug:D08WNN	0.944138
59296	ttd.drug:D00ZZJ	0.944138
60019	ttd.drug:D02ZZQ	0.944136
47890	ttd.drug:D03ZIH	0.944136
68018	ttd.drug:D0X7FV	0.944136
60413	ttd.drug:D0CR9I	0.944135
46153	ttd.drug:D0U3EP	0.944135
49410	ttd.drug:D0FU0K	0.944135
39583	DRUGBANK:DB00059	0.944131
41999	ttd.drug:D03LRQ	0.944126
50832	ttd.drug:D0N1HL	0.944125
63208	ttd.drug:D0P3XO	0.944124
41664	ttd.drug:D0X0RE	0.944121
38847	DrugCentral:4718	0.944120
67669	ttd.drug:D0M1QJ	0.944119
55442	ttd.drug:D02OPG	0.944119
41906	ttd.drug:D0A5XB	0.944116
62575	ttd.drug:D0X3PN	0.944112
54737	ttd.drug:D0Z6UC	0.944109
42086	ttd.drug:D0MZ9A	0.944109
52759	ttd.drug:D06CHV	0.944108
43832	ttd.drug:D0P7PK	0.944108
50378	ttd.drug:D09RUJ	0.944107
64178	ttd.drug:D0G5SU	0.944107
67479	ttd.drug:D04NCC	0.944106
63366	ttd.drug:D0R2OX	0.944104
56858	ttd.drug:D0DY5Y	0.944102
55563	ttd.drug:D0R8FM	0.944101
50544	ttd.drug:D08ZRP	0.944099
57070	ttd.drug:D01SZA	0.944099
61755	ttd.drug:D05MAT	0.944098
55963	ttd.drug:D00IUG	0.944097
40248	DRUGBANK:DB00480	0.944097
56933	ttd.drug:D0J0MD	0.944093
62608	ttd.drug:D09OAQ	0.944093
38679	DrugCentral:4172	0.944092
40744	ttd.drug:D0FJ1W	0.944091
46103	ttd.drug:D0C0HN	0.944090
63878	ttd.drug:D05GIO	0.944088
62510	ttd.drug:D05GXK	0.944086
55865	ttd.drug:D05CFH	0.944085
46479	ttd.drug:D0R8UO	0.944084
59982	ttd.drug:D0U0KR	0.944083
60679	ttd.drug:D04YHW	0.944083
56105	ttd.drug:D0U7BI	0.944083
60271	ttd.drug:D0UR6C	0.944082
61880	ttd.drug:D03JYN	0.944080
46764	ttd.drug:D06DRC	0.944080
47190	ttd.drug:D0K9YR	0.944079
64369	ttd.drug:D05DYX	0.944079
46720	ttd.drug:D0G6SE	0.944077
47451	ttd.drug:D05QPR	0.944077
46761	ttd.drug:D07EWK	0.944076
56913	ttd.drug:D0C9DA	0.944071
57904	ttd.drug:D09SZY	0.944070
58739	ttd.drug:D05GRY	0.944069
53737	ttd.drug:D0H0AT	0.944069
47052	ttd.drug:D09UXP	0.944066
52027	ttd.drug:D04YNW	0.944066
42032	ttd.drug:D0OC4B	0.944065
49159	ttd.drug:D0D1RF	0.944065
57099	ttd.drug:D00KTN	0.944065
46919	ttd.drug:D0Q2YJ	0.944064
48029	ttd.drug:D0K2QF	0.944064
64963	ttd.drug:D0P0YD	0.944064
43565	ttd.drug:D03KDD	0.944063
41287	ttd.drug:D0U5XI	0.944063
46229	ttd.drug:D01OFH	0.944063
60462	ttd.drug:D0H6ZP	0.944063
42944	ttd.drug:D00GLJ	0.944059
65000	ttd.drug:D0T7WW	0.944059
44968	ttd.drug:D0PC2Y	0.944058
48018	ttd.drug:D07DOE	0.944058
64555	ttd.drug:D04JFT	0.944058
62935	ttd.drug:D0I8PQ	0.944057
45223	ttd.drug:D01WTQ	0.944056
51077	ttd.drug:D0D8DZ	0.944056
37231	DrugCentral:583	0.944056
50056	ttd.drug:D0QQ9L	0.944053
40928	ttd.drug:D0AT2Z	0.944053
57445	ttd.drug:D00TXZ	0.944052
67235	ttd.drug:D0MO0Z	0.944052
66811	ttd.drug:D0GA6X	0.944051
40125	DRUGBANK:DB06204	0.944051
43625	ttd.drug:D0G4CS	0.944051
56734	ttd.drug:D0YI3Z	0.944049
44244	ttd.drug:D09SZG	0.944049
64074	ttd.drug:D0S9CI	0.944048
53296	ttd.drug:D07BCO	0.944047
38022	DrugCentral:2027	0.944046
40455	PHARMGKB:PA166153416	0.944044
69058	ttd.drug:D0T0CG	0.944044
61971	ttd.drug:D02HDG	0.944044
55456	ttd.drug:D0M2TB	0.944043
48799	ttd.drug:D02XXK	0.944041
49028	ttd.drug:D0E7AD	0.944039
44622	ttd.drug:D0X8UK	0.944039
40402	CHEBI:3419	0.944038
62983	ttd.drug:D02XNT	0.944038
67060	ttd.drug:D02KPK	0.944036
61179	ttd.drug:D09XWR	0.944035
57129	ttd.drug:D00OLY	0.944034
65107	ttd.drug:D0YG4P	0.944033
59035	ttd.drug:D00AIO	0.944031
38062	DrugCentral:2113	0.944030
44732	ttd.drug:D06DYN	0.944028
50498	ttd.drug:D0K9BF	0.944028
37824	DrugCentral:1670	0.944028
49541	ttd.drug:D0K3UL	0.944025
53739	ttd.drug:D09UWI	0.944024
47663	ttd.drug:D04FTB	0.944023
43865	ttd.drug:D0H8ZT	0.944022
61739	ttd.drug:D03CSL	0.944022
61551	ttd.drug:D0H4HR	0.944021
60530	ttd.drug:D0O1LX	0.944020
58820	ttd.drug:D0H4BJ	0.944020
68436	ttd.drug:D0X3RK	0.944019
58841	ttd.drug:D0R1ZD	0.944018
52070	ttd.drug:D03DJT	0.944018
52984	ttd.drug:D0C5WG	0.944015
67818	ttd.drug:D0J7ZK	0.944009
38665	DrugCentral:4150	0.944005
40977	ttd.drug:D0AZ8C	0.944003
56116	ttd.drug:D02IXC	0.944002
45680	ttd.drug:D0AD6Z	0.944002
55369	ttd.drug:D09XWL	0.944000
63684	ttd.drug:D0W2HG	0.944000
40738	ttd.drug:D0F0ZE	0.944000
62239	ttd.drug:D04GWD	0.944000
44060	ttd.drug:D0J0WO	0.943999
60264	ttd.drug:D0I5YT	0.943998
66606	ttd.drug:D0CT9O	0.943994
44260	ttd.drug:D07SRJ	0.943993
62585	ttd.drug:D03QAN	0.943992
45234	ttd.drug:D09VAZ	0.943991
46614	ttd.drug:D07CWH	0.943991
45915	ttd.drug:D03IGH	0.943990
58211	ttd.drug:D0PT1Y	0.943989
52031	ttd.drug:D0C7EI	0.943989
49183	ttd.drug:D08JCU	0.943988
43480	ttd.drug:D06IAE	0.943988
57265	ttd.drug:D08KYH	0.943988
64627	ttd.drug:D0H2MA	0.943987
54978	ttd.drug:D02POV	0.943987
46631	ttd.drug:D09HCE	0.943986
57733	ttd.drug:D03MYO	0.943985
42697	ttd.drug:D0X0GV	0.943985
54251	ttd.drug:D02SGL	0.943985
51497	ttd.drug:D0V3ZN	0.943985
65130	ttd.drug:D0D0OT	0.943983
48780	ttd.drug:D09PIN	0.943983
51316	ttd.drug:D01AAD	0.943981
50238	ttd.drug:D0X4PH	0.943981
61454	ttd.drug:D0W7UN	0.943980
45446	ttd.drug:D0M1MQ	0.943979
58282	ttd.drug:D0CK1D	0.943978
48356	ttd.drug:D00JIV	0.943978
46733	ttd.drug:D0N6RF	0.943976
37633	DrugCentral:1297	0.943975
51671	ttd.drug:D00MUC	0.943975
47110	ttd.drug:D02MFX	0.943975
69452	ttd.drug:D0G4SU	0.943973
41033	ttd.drug:D01LXG	0.943969
38797	DrugCentral:4523	0.943969
61448	ttd.drug:D0BG7B	0.943968
49850	ttd.drug:D0OK5Q	0.943968
61769	ttd.drug:D0Z6SS	0.943968
43333	ttd.drug:D0C6KI	0.943967
68323	ttd.drug:D0V3WQ	0.943966
50363	ttd.drug:D0M7LZ	0.943966
45370	ttd.drug:D02TOI	0.943966
42463	ttd.drug:D07ZZG	0.943965
54190	ttd.drug:D00DYI	0.943965
41887	ttd.drug:D0S5LS	0.943963
39246	PHARMGKB:PA452233	0.943962
43864	ttd.drug:D03RYU	0.943960
44283	ttd.drug:D0GJ8U	0.943960
59777	ttd.drug:D0G2QG	0.943959
46543	ttd.drug:D05MDY	0.943959
57458	ttd.drug:D0RK3P	0.943959
43371	ttd.drug:D05MYL	0.943958
45413	ttd.drug:D0R6MB	0.943957
67673	ttd.drug:D0D7IQ	0.943957
38072	DrugCentral:2131	0.943956
59706	ttd.drug:D08DNK	0.943956
52185	ttd.drug:D0P6UB	0.943954
69379	ttd.drug:D05MXI	0.943953
49692	ttd.drug:D0N1AZ	0.943953
37666	DrugCentral:1365	0.943953
40463	DRUGBANK:DB01267	0.943952
63368	ttd.drug:D0SE2D	0.943952
44812	ttd.drug:D08PYO	0.943951
41719	ttd.drug:D09CXX	0.943951
37059	DrugCentral:244	0.943949
50660	ttd.drug:D0R1VL	0.943948
45475	ttd.drug:D0L5IM	0.943947
41171	ttd.drug:D03QKF	0.943947
40969	ttd.drug:D04MOZ	0.943947
59157	ttd.drug:D05KBU	0.943946
53507	ttd.drug:D0ZQ0X	0.943945
66726	ttd.drug:D0QV1E	0.943945
56443	ttd.drug:D08XFA	0.943945
43725	ttd.drug:D0T7ZQ	0.943944
58626	ttd.drug:D0B9FP	0.943941
61131	ttd.drug:D0DS4P	0.943941
37275	DrugCentral:667	0.943941
47238	ttd.drug:D00NDF	0.943940
64726	ttd.drug:D0K0VH	0.943940
48761	ttd.drug:D0PN8D	0.943940
66586	ttd.drug:D0TU5R	0.943939
54076	ttd.drug:D0T9YU	0.943939
69353	ttd.drug:D02LIR	0.943933
58955	ttd.drug:D03GQC	0.943933
63850	ttd.drug:D0G8ZQ	0.943931
63503	ttd.drug:D0T2HN	0.943930
51495	ttd.drug:D06YYD	0.943930
62347	ttd.drug:D0V9AJ	0.943928
41592	ttd.drug:D08TBP	0.943927
50872	ttd.drug:D0E6GH	0.943925
57797	ttd.drug:D0Y7EM	0.943924
42311	ttd.drug:D0G2WI	0.943924
65814	ttd.drug:D04ZIZ	0.943924
55498	ttd.drug:D01GYT	0.943922
69488	ttd.drug:D01ZHW	0.943922
48039	ttd.drug:D04LPX	0.943920
65475	ttd.drug:D0N8YA	0.943919
68341	ttd.drug:D0O7OI	0.943917
39780	DRUGBANK:DB00399	0.943917
48040	ttd.drug:D09KUY	0.943916
47458	ttd.drug:D0P9JF	0.943916
66018	ttd.drug:D0Q5WB	0.943915
43459	ttd.drug:D09ZDQ	0.943912
52143	ttd.drug:D0G5JW	0.943911
58631	ttd.drug:D0O5AG	0.943905
60984	ttd.drug:D0JQ1D	0.943905
39136	DrugCentral:5280	0.943905
54775	ttd.drug:D0ER2C	0.943904
48759	ttd.drug:D00TYX	0.943904
55527	ttd.drug:D06CZJ	0.943902
53269	ttd.drug:D0B7SP	0.943901
38388	DrugCentral:2749	0.943900
45377	ttd.drug:D01DTQ	0.943899
62958	ttd.drug:D0U5CK	0.943898
43939	ttd.drug:D07XUY	0.943898
37859	DrugCentral:1742	0.943897
68673	ttd.drug:D0C0FK	0.943896
56559	ttd.drug:D0R5FO	0.943896
43494	ttd.drug:D05GQQ	0.943894
46217	ttd.drug:D0X9VY	0.943892
60198	ttd.drug:D0O0LQ	0.943891
41342	ttd.drug:D04JCD	0.943891
62246	ttd.drug:D03IES	0.943890
65847	ttd.drug:D00GZY	0.943889
57245	ttd.drug:D01QIA	0.943888
59772	ttd.drug:D06VIP	0.943888
58925	ttd.drug:D0MA9N	0.943888
51493	ttd.drug:D06DTT	0.943888
62549	ttd.drug:D09GZQ	0.943885
37563	DrugCentral:1155	0.943883
50881	ttd.drug:D08QBU	0.943883
46967	ttd.drug:D0RD9V	0.943882
45513	ttd.drug:D00DNT	0.943882
58154	ttd.drug:D0S0AN	0.943882
47384	ttd.drug:D0MX1T	0.943880
51761	ttd.drug:D0U7BJ	0.943880
53041	ttd.drug:D0VH4J	0.943879
53750	ttd.drug:D0B1CL	0.943878
69277	ttd.drug:D0N5CF	0.943878
45499	ttd.drug:D09PIQ	0.943877
43044	ttd.drug:D00SEE	0.943877
53526	ttd.drug:D0P5AE	0.943876
55040	ttd.drug:D02PPQ	0.943875
41217	ttd.drug:D0N0DU	0.943875
38394	DrugCentral:2759	0.943875
52186	ttd.drug:D0BA6T	0.943873
41328	ttd.drug:D0A4YR	0.943872
44857	ttd.drug:D0EG1I	0.943871
43717	ttd.drug:D0A2RG	0.943868
62576	ttd.drug:D0V4XG	0.943868
64974	ttd.drug:D04SUV	0.943866
63823	ttd.drug:D0U2GX	0.943865
65910	ttd.drug:D08UNC	0.943864
38589	DrugCentral:3616	0.943864
37757	DrugCentral:1551	0.943863
68884	ttd.drug:D0EJ7Q	0.943863
37987	DrugCentral:1959	0.943862
43910	ttd.drug:D0P6FN	0.943861
48743	ttd.drug:D0G5ML	0.943861
67555	ttd.drug:D00CRQ	0.943859
65839	ttd.drug:D0RI6Q	0.943859
53179	ttd.drug:D0YR1V	0.943859
58469	ttd.drug:D02GSX	0.943858
44841	ttd.drug:D07WDQ	0.943858
50910	ttd.drug:D0UV1C	0.943858
42909	ttd.drug:D00SQN	0.943856
47263	ttd.drug:D0S2LV	0.943856
48541	ttd.drug:D0Y6SN	0.943856
42475	ttd.drug:D01OIV	0.943855
39801	PHARMGKB:PA164924567	0.943855
57858	ttd.drug:D0C3AR	0.943854
65322	ttd.drug:D0XN5L	0.943854
62938	ttd.drug:D08DOY	0.943852
50079	ttd.drug:D01QGX	0.943852
49293	ttd.drug:D0P2YS	0.943849
68004	ttd.drug:D0OR6C	0.943849
47612	ttd.drug:D01UMT	0.943849
45930	ttd.drug:D01ZNQ	0.943848
60904	ttd.drug:D00WBN	0.943848
48207	ttd.drug:D01AAI	0.943845
61337	ttd.drug:D0R7VT	0.943845
40832	ttd.drug:D0S9QP	0.943845
61768	ttd.drug:D0XG0G	0.943844
42220	ttd.drug:D02AFZ	0.943843
59594	ttd.drug:D0JZ3S	0.943842
66043	ttd.drug:D0V6WW	0.943841
39354	PHARMGKB:PA164712708	0.943840
67596	ttd.drug:D0DO6D	0.943839
38700	DrugCentral:4197	0.943838
63265	ttd.drug:D0Y3PV	0.943838
39545	CHEBI:8107	0.943837
37225	DrugCentral:575	0.943835
69468	ttd.drug:D09VQM	0.943834
44085	ttd.drug:D01KOI	0.943834
59707	ttd.drug:D0Z3JI	0.943834
45027	ttd.drug:D0E9MO	0.943833
45654	ttd.drug:D0N6VK	0.943833
60948	ttd.drug:D03BJF	0.943832
49982	ttd.drug:D0H3MO	0.943832
47545	ttd.drug:D07BRZ	0.943832
58468	ttd.drug:D0DS0O	0.943829
67958	ttd.drug:D0W0NE	0.943828
50085	ttd.drug:D0NN8N	0.943826
51305	ttd.drug:D09PHV	0.943826
53656	ttd.drug:D03WIK	0.943826
59049	ttd.drug:D06XHC	0.943825
50071	ttd.drug:D04RTY	0.943824
63965	ttd.drug:D0LC5Y	0.943822
37029	DrugCentral:191	0.943822
47882	ttd.drug:D0H1WV	0.943821
42932	ttd.drug:D0SK9K	0.943821
59853	ttd.drug:D02QKC	0.943821
56825	ttd.drug:D09XLZ	0.943819
64959	ttd.drug:D0P4WI	0.943819
49961	ttd.drug:D0V3PA	0.943818
65598	ttd.drug:D0L3IL	0.943818
68335	ttd.drug:D05IVD	0.943817
49604	ttd.drug:D0F8HN	0.943815
61967	ttd.drug:D06YKU	0.943815
61772	ttd.drug:D0F3VZ	0.943814
67920	ttd.drug:D08SUQ	0.943814
55331	ttd.drug:D03CEF	0.943813
43531	ttd.drug:D00IMW	0.943812
45100	ttd.drug:D01ZWF	0.943810
42970	ttd.drug:D0LV6K	0.943809
52575	ttd.drug:D08DPU	0.943808
67457	ttd.drug:D0DG4A	0.943808
60481	ttd.drug:D01IED	0.943807
37986	DrugCentral:1958	0.943806
43288	ttd.drug:D08XAY	0.943805
54921	ttd.drug:D04GSV	0.943805
56367	ttd.drug:D0Y3ZC	0.943801
64899	ttd.drug:D0M8VV	0.943800
56248	ttd.drug:D08YJE	0.943798
65037	ttd.drug:D04YKV	0.943798
53534	ttd.drug:D03TYJ	0.943797
58029	ttd.drug:D0H3UO	0.943797
66953	ttd.drug:D0R3JM	0.943795
43707	ttd.drug:D09DVB	0.943795
47862	ttd.drug:D0Q0XJ	0.943794
46621	ttd.drug:D08TAB	0.943794
57367	ttd.drug:D0T3NP	0.943794
46868	ttd.drug:D0UZ8R	0.943793
43253	ttd.drug:D0H2CM	0.943792
42258	ttd.drug:D0ER5C	0.943792
64472	ttd.drug:D03UZP	0.943791
47462	ttd.drug:D04MEE	0.943790
49411	ttd.drug:D0L7RU	0.943789
37003	DrugCentral:137	0.943789
58352	ttd.drug:D0LX6R	0.943788
65807	ttd.drug:D03ICO	0.943787
60178	ttd.drug:D00TYW	0.943787
43457	ttd.drug:D0R5EW	0.943787
54028	ttd.drug:D0E2DO	0.943786
54179	ttd.drug:D05XAH	0.943785
54224	ttd.drug:D03KNZ	0.943784
69278	ttd.drug:D08WJY	0.943784
67855	ttd.drug:D0S9TZ	0.943783
46508	ttd.drug:D03HMW	0.943783
48847	ttd.drug:D09AVL	0.943783
45889	ttd.drug:D00GTV	0.943780
48199	ttd.drug:D0Y5WQ	0.943779
45157	ttd.drug:D0SS5D	0.943778
57220	ttd.drug:D07BZW	0.943778
64128	ttd.drug:D0XW4W	0.943777
51225	ttd.drug:D07BXN	0.943777
59288	ttd.drug:D0W9BH	0.943777
47972	ttd.drug:D0OX0V	0.943776
42725	ttd.drug:D0G2QW	0.943776
59788	ttd.drug:D0H8TE	0.943775
43150	ttd.drug:D0N0TS	0.943775
45866	ttd.drug:D04IRR	0.943774
45902	ttd.drug:D0O7LU	0.943774
40723	ttd.drug:D01AVF	0.943773
55536	ttd.drug:D07PZF	0.943773
37640	DrugCentral:1310	0.943773
56818	ttd.drug:D07BQG	0.943772
65033	ttd.drug:D01GTU	0.943771
65962	ttd.drug:D08IRG	0.943771
37603	DrugCentral:1229	0.943770
52078	ttd.drug:D03KGJ	0.943770
39653	PHARMGKB:PA164712420	0.943768
52319	ttd.drug:D0PC2C	0.943768
53921	ttd.drug:D0P1HR	0.943768
45019	ttd.drug:D0WE8K	0.943768
52440	ttd.drug:D0D2TN	0.943767
38923	DrugCentral:4903	0.943765
49729	ttd.drug:D07SZF	0.943764
56628	ttd.drug:D03NZV	0.943764
65986	ttd.drug:D0R0JN	0.943763
61464	ttd.drug:D02STG	0.943763
59214	ttd.drug:D0D6LF	0.943763
37668	DrugCentral:1368	0.943763
61020	ttd.drug:D0S5OU	0.943761
56805	ttd.drug:D00HAN	0.943761
54083	ttd.drug:D09VRZ	0.943760
42245	ttd.drug:D0T2RY	0.943760
54192	ttd.drug:D03PLQ	0.943759
63290	ttd.drug:D08SSG	0.943759
57975	ttd.drug:D0H8VY	0.943758
65952	ttd.drug:D00UWY	0.943757
54536	ttd.drug:D0NU3J	0.943757
61472	ttd.drug:D0F4QJ	0.943756
58708	ttd.drug:D01VCB	0.943755
62972	ttd.drug:D06KCU	0.943755
68679	ttd.drug:D02LZA	0.943754
37089	DrugCentral:305	0.943754
55711	ttd.drug:D0I7DN	0.943752
41250	ttd.drug:D0X1LP	0.943752
56597	ttd.drug:D0I6IB	0.943751
64387	ttd.drug:D0S1MI	0.943751
48477	ttd.drug:D0K1HD	0.943750
65718	ttd.drug:D06NAG	0.943750
46110	ttd.drug:D0F4KL	0.943750
61108	ttd.drug:D0KJ2J	0.943749
50183	ttd.drug:D0ZZ4S	0.943748
54734	ttd.drug:D09YRP	0.943746
62281	ttd.drug:D0CE7X	0.943745
57078	ttd.drug:D0IK1S	0.943745
58537	ttd.drug:D06IBG	0.943745
59756	ttd.drug:D0V1UZ	0.943744
37665	DrugCentral:1364	0.943744
59322	ttd.drug:D08RPE	0.943743
47934	ttd.drug:D0Y6GJ	0.943743
41416	ttd.drug:D05TSJ	0.943741
56929	ttd.drug:D03KVY	0.943740
44590	ttd.drug:D01REI	0.943740
53097	ttd.drug:D0I4YK	0.943739
52414	ttd.drug:D0Z4ZT	0.943739
64368	ttd.drug:D0N1PH	0.943739
61728	ttd.drug:D0S0SH	0.943739
41627	ttd.drug:D08JCC	0.943738
68600	ttd.drug:D0L6LC	0.943738
65504	ttd.drug:D0B5PV	0.943736
48169	ttd.drug:D02JCM	0.943735
42363	ttd.drug:D0Z6GG	0.943735
43678	ttd.drug:D0R0HI	0.943733
39049	DrugCentral:5089	0.943733
47664	ttd.drug:D0W3YW	0.943732
68106	ttd.drug:D0D4BR	0.943730
63810	ttd.drug:D05MUN	0.943730
51396	ttd.drug:D0Y0LI	0.943730
68779	ttd.drug:D07GAU	0.943730
65365	ttd.drug:D05IQI	0.943729
69304	ttd.drug:D08LZK	0.943727
68512	ttd.drug:D0H1ZT	0.943727
37019	DrugCentral:174	0.943727
55762	ttd.drug:D06PVN	0.943726
67844	ttd.drug:D0QN5E	0.943726
42682	ttd.drug:D0I0IM	0.943726
58919	ttd.drug:D02TNS	0.943726
66311	ttd.drug:D01XLZ	0.943725
37105	DrugCentral:333	0.943724
45481	ttd.drug:D01JTY	0.943722
60313	ttd.drug:D07KBM	0.943721
63056	ttd.drug:D0V7YM	0.943721
45086	ttd.drug:D07IJU	0.943721
63211	ttd.drug:D0S7SE	0.943720
60840	ttd.drug:D04MYT	0.943719
48877	ttd.drug:D01RLF	0.943719
42440	ttd.drug:D00BKV	0.943719
59200	ttd.drug:D0LM2K	0.943717
52396	ttd.drug:D04HYP	0.943717
55728	ttd.drug:D06BSU	0.943717
68394	ttd.drug:D00SIC	0.943716
38723	DrugCentral:4265	0.943715
65075	ttd.drug:D0XU7N	0.943714
60832	ttd.drug:D0MS3Z	0.943712
42731	ttd.drug:D03EAN	0.943711
62867	ttd.drug:D0H9HT	0.943711
63254	ttd.drug:D06PTC	0.943709
62519	ttd.drug:D0Y8UD	0.943708
65444	ttd.drug:D0U1SI	0.943708
47162	ttd.drug:D0N5HJ	0.943708
50185	ttd.drug:D06OJI	0.943708
52420	ttd.drug:D0G4YR	0.943706
67470	ttd.drug:D0N4DY	0.943705
50848	ttd.drug:D08YUP	0.943704
53837	ttd.drug:D00FPG	0.943704
40135	DRUGBANK:DB01270	0.943703
44909	ttd.drug:D09TNA	0.943703
62759	ttd.drug:D0I1LR	0.943703
53684	ttd.drug:D0N0IV	0.943701
55257	ttd.drug:D0I8YS	0.943700
60380	ttd.drug:D05FXD	0.943698
59603	ttd.drug:D07VFC	0.943698
42639	ttd.drug:D0L3BE	0.943697
67065	ttd.drug:D0GI4S	0.943695
60087	ttd.drug:D08UVX	0.943694
51795	ttd.drug:D0N9VZ	0.943694
49399	ttd.drug:D03GBO	0.943694
50115	ttd.drug:D09BCJ	0.943693
54033	ttd.drug:D07RYI	0.943693
49908	ttd.drug:D0F1XZ	0.943692
45006	ttd.drug:D0A6LI	0.943692
56012	ttd.drug:D0C1LH	0.943691
49924	ttd.drug:D03VMP	0.943690
63391	ttd.drug:D02QTE	0.943688
47165	ttd.drug:D0S0ES	0.943688
49881	ttd.drug:D0JN3M	0.943688
55428	ttd.drug:D0W6XL	0.943687
66727	ttd.drug:D07ZMG	0.943687
44904	ttd.drug:D04TEF	0.943685
48686	ttd.drug:D09APB	0.943685
50027	ttd.drug:D0N7HY	0.943684
37772	DrugCentral:1575	0.943684
67458	ttd.drug:D0V0OD	0.943682
66262	ttd.drug:D0C2NT	0.943682
60561	ttd.drug:D09QNH	0.943682
47175	ttd.drug:D00ERV	0.943681
43302	ttd.drug:D0E9DI	0.943679
57523	ttd.drug:D00ZMS	0.943677
50822	ttd.drug:D00WLO	0.943676
46696	ttd.drug:D06RTP	0.943675
53324	ttd.drug:D0K6XD	0.943675
59668	ttd.drug:D0Y0BZ	0.943674
53418	ttd.drug:D0TV9B	0.943673
62934	ttd.drug:D00XKH	0.943673
60385	ttd.drug:D0U2TQ	0.943673
62710	ttd.drug:D07ZAJ	0.943672
55194	ttd.drug:D05REP	0.943672
62740	ttd.drug:D04DQF	0.943672
67732	ttd.drug:D09MTV	0.943671
66281	ttd.drug:D0Y3XA	0.943671
44402	ttd.drug:D0N7DQ	0.943670
63749	ttd.drug:D09KTP	0.943670
